NOMBRE,Proyecto,Cliente,ETAPA,META,FEE,CATEGORÍA DE PROYECTO,TESTING,Problema/Objetivo,Hipotésis/Solución,Promedio Mensual,Created time,Encargado
"RUMA ",Google Ads (https://www.notion.so/Google-Ads-2d13f91ee61480d19103c01f5406fcea?pvs=21),https://www.notion.so/d56181ec85444dc0b9dbd283a4644335,ESCALAR,MEJORA/OPTIMIZACIÓN,"11.000,00 MXN",IMPORTANTE,Yes,Subimos presupuestos y actualizamos los anuncios de PMax,"Anuncios/Recursos, Presupuesto",,4 de enero de 2026 20:39,Carlos Straffon
CCH,Google Ads (https://www.notion.so/Google-Ads-2b03e908345348e8b042089d2e3a38c7?pvs=21),https://www.notion.so/598442a9f68347c3897cb81c3ae7ff7e,Optimización,MANTENIMIENTO,"2700,00 MXN",BAJO,No,,,,4 de enero de 2026 20:39,Carlos Straffon
MULTI-ENCOMIENDAS,Google Ads (https://www.notion.so/Google-Ads-ffd077d3a4494af286b5a515b71d7d2c?pvs=21),https://www.notion.so/2c937630fb0d4888b32b730f7fd77d42,Optimización,MEJORA/OPTIMIZACIÓN,"26.500,00 MXN",IMPORTANTE,Yes,Nueva org de presupuestos,"Anuncios/Recursos, Presupuesto",,4 de enero de 2026 20:39,Carlos Straffon
"SER RIZADA ",Google Ads (https://www.notion.so/Google-Ads-2e63f91ee614808891c5edf971662ab5?pvs=21),https://www.notion.so/1f33f91ee6148071a505ca331a686112,Testing,MEJORA/OPTIMIZACIÓN,"0,00 MXN",IMPORTANTE,Yes,"Revisar conversiones, tal vez parar Google un poco",Conversiones,,4 de enero de 2026 20:39,Carlos Straffon
ICONA,Google Ads (https://www.notion.so/Google-Ads-2cf3f91ee61480839063c234f22271ef?pvs=21),https://www.notion.so/2303f91ee61481719561ce76b2cc62ae,Pausado,MEJORA/OPTIMIZACIÓN,"14.000,00 MXN",IMPORTANTE,Yes,Nuevos anuncios con una nueva intención de venta,"Limpieza y Organización, Presupuesto",,4 de enero de 2026 20:39,Carlos Straffon
POLIESTIRENOS,Google Ads (https://www.notion.so/Google-Ads-2873f91ee614805faed5fbd8d93c46bf?pvs=21),https://www.notion.so/28f3f91ee614811d87c8f726799791ef,Optimización,MANTENIMIENTO,"8500,00 MXN",IMPORTANTE,Yes,El CTR bajó a lo largo del mes,Audiencias,,4 de enero de 2026 20:39,Carlos Straffon
CQ Arcos,Google Ads (https://www.notion.so/Google-Ads-a3af838158ef46c0971627e11c651881?pvs=21),https://www.notion.so/3a71f945db034907aada6b3a73d1cdf3,Optimización,MANTENIMIENTO,"13.000,00 MXN",INTERMEDIO,Yes,Mantener cantidad de citas (14 a ala semana),Experimentos,,4 de enero de 2026 20:45,Carlos Straffon
GYMEX,Google Ads (https://www.notion.so/Google-Ads-027d7478d76244fc95d61623367fe1b2?pvs=21),https://www.notion.so/8259a87ae72a43368571e5c22d845be0,Estabilización,ESTABILIZAR,"6000,00 MXN",IMPORTANTE,Yes,Revisar la calidad y cantidad general de leads,"Limpieza y Organización, Presupuesto",,4 de mayo de 2026 14:43,
EDIMEX,Google Ads (https://www.notion.so/Google-Ads-8349fd4a63f142f98f9ee8d495a5e1b1?pvs=21),https://www.notion.so/3deaabf742ef45079f6b3ce667c5ebac,Pausado,,"10.000,00 MXN",IMPORTANTE,No,,,,4 de enero de 2026 20:39,Carlos Straffon