NOMBRE,CATEGORÍA DE PROYECTO,Cliente,Created time,ETAPA,Encargado,FEE,Hipotésis/Solución,META,Problema/Objetivo,Promedio Mensual,Proyecto,TESTING
"SER RIZADA ",IMPORTANTE,https://www.notion.so/1f33f91ee6148071a505ca331a686112,4 de enero de 2026 20:39,Testing,Carlos Straffon,"0,00 MXN",Conversiones,MEJORA/OPTIMIZACIÓN,"Revisar conversiones, tal vez parar Google un poco",,Google Ads (https://www.notion.so/Google-Ads-2e63f91ee614808891c5edf971662ab5?pvs=21),Yes
MULTI-ENCOMIENDAS,IMPORTANTE,https://www.notion.so/2c937630fb0d4888b32b730f7fd77d42,4 de enero de 2026 20:39,Optimización,Carlos Straffon,"26.500,00 MXN","Anuncios/Recursos, Presupuesto",MEJORA/OPTIMIZACIÓN,Nueva org de presupuestos,,Google Ads (https://www.notion.so/Google-Ads-ffd077d3a4494af286b5a515b71d7d2c?pvs=21),Yes
POLIESTIRENOS,IMPORTANTE,https://www.notion.so/28f3f91ee614811d87c8f726799791ef,4 de enero de 2026 20:39,Optimización,Carlos Straffon,"8500,00 MXN",Audiencias,MANTENIMIENTO,El CTR bajó a lo largo del mes,,Google Ads (https://www.notion.so/Google-Ads-2873f91ee614805faed5fbd8d93c46bf?pvs=21),Yes
"RUMA ",IMPORTANTE,https://www.notion.so/d56181ec85444dc0b9dbd283a4644335,4 de enero de 2026 20:39,ESCALAR,Carlos Straffon,"11.000,00 MXN","Anuncios/Recursos, Presupuesto",MEJORA/OPTIMIZACIÓN,Subimos presupuestos y actualizamos los anuncios de PMax,,Google Ads (https://www.notion.so/Google-Ads-2d13f91ee61480d19103c01f5406fcea?pvs=21),Yes
EDIMEX,IMPORTANTE,https://www.notion.so/3deaabf742ef45079f6b3ce667c5ebac,4 de enero de 2026 20:39,Pausado,Carlos Straffon,"10.000,00 MXN",,,,,Google Ads (https://www.notion.so/Google-Ads-8349fd4a63f142f98f9ee8d495a5e1b1?pvs=21),No
ICONA,IMPORTANTE,https://www.notion.so/2303f91ee61481719561ce76b2cc62ae,4 de enero de 2026 20:39,Pausado,Carlos Straffon,"14.000,00 MXN","Limpieza y Organización, Presupuesto",MEJORA/OPTIMIZACIÓN,Nuevos anuncios con una nueva intención de venta,,Google Ads (https://www.notion.so/Google-Ads-2cf3f91ee61480839063c234f22271ef?pvs=21),Yes
CCH,BAJO,https://www.notion.so/598442a9f68347c3897cb81c3ae7ff7e,4 de enero de 2026 20:39,Optimización,Carlos Straffon,"2700,00 MXN",,MANTENIMIENTO,,,Google Ads (https://www.notion.so/Google-Ads-2b03e908345348e8b042089d2e3a38c7?pvs=21),No
CQ Arcos,INTERMEDIO,https://www.notion.so/3a71f945db034907aada6b3a73d1cdf3,4 de enero de 2026 20:45,Optimización,Carlos Straffon,"13.000,00 MXN",Experimentos,MANTENIMIENTO,Mantener cantidad de citas (14 a ala semana),,Google Ads (https://www.notion.so/Google-Ads-a3af838158ef46c0971627e11c651881?pvs=21),Yes
GYMEX,IMPORTANTE,https://www.notion.so/8259a87ae72a43368571e5c22d845be0,4 de mayo de 2026 14:43,Estabilización,,"6000,00 MXN","Limpieza y Organización, Presupuesto",ESTABILIZAR,Revisar la calidad y cantidad general de leads,,Google Ads (https://www.notion.so/Google-Ads-027d7478d76244fc95d61623367fe1b2?pvs=21),Yes